[{"air_style":"1","directionalLight2":{"intensity":"1","position":{"x":-135.000000000000000,"y":95.000000000000000,"z":-64.000000000000000},"color":"#ffffff","target":{"x":1.000000000000000,"y":-48.000000000000000,"z":38.000000000000000}},"project_id":"352339e762ae433ea827a6acc1c5fc81","hemisphereLight":{"position":{"x":0E-15,"y":2.064072254691379,"z":2.322271596190733},"hemisphereLight_skycolor":"#FFFAFA","hemisphereLight_groundcolor":"#EEEBEB","hemisphereLight_intensity":"0.2"},"create_date":1646038401000,"creator":383,"ambientLight":{"color":"#9a9a9a","intensity":"0.2"},"directionalLight":{"intensity":"0.5","position":{"x":0E-15,"y":112.160173573098750,"z":22.987888795327080},"color":"#ffffff","shadow":{"visible":false,"depth":2000.000,"mapSize":1024,"bias":0.001},"target":{"x":0E-15,"y":0.471449010709057,"z":21.948417596009975}},"modify_date":1646113665000,"fog":{"visible":false,"near":500,"color":"#cce0ff","far":50000}}]