[{"bgtype":"2","category_zip_uuid":"294bd281a59844c0b8dd4dd64efc9d78","classify":7,"createdate":1642163901000,"id":11840,"is_iot_device":false,"multi_level":false,"name":"3231655_ZX_地面疏散导向","pid":-1,"piddes":"2,7,-1","projectid":"4c3337f3d124468da7440fb4967d22ec","root_type":"R3D","state":"1","template_type":1,"type":"3D","type_id":2,"userid":383},{"bgtype":"2","category_zip_uuid":"383d70c818284da1a09ed3287571e9bd","classify":7,"createdate":1631760498000,"iconpath":"383d70c818284da1a09ed3287571e9bd.png","id":-1,"is_iot_device":false,"multi_level":false,"name":"revitpoi","pid":-1,"piddes":"1,7,-1","poicategory_code":"revitpoi","root_type":"R2D","state":"1","template_type":1,"type":"2D","type_id":1,"use_shadow_editor_render":false,"userid":333},{"bgtype":"2","category_zip_uuid":"a5e8aecafb7c4eb38417799e6b19c458","classify":7,"createdate":1645880899000,"id":13724,"is_iot_device":false,"multi_level":false,"name":"铁山坪站厅天花板s","pid":-1,"piddes":"2,7,-1","projectid":"c85201a8de5f4c598a81d58a1aab3e3d","root_type":"R3D","state":"1","template_type":1,"type":"3D","type_id":2,"userid":383},{"bgtype":"2","category_zip_uuid":"79ca67faee6c4f798e540343607dc9d8","classify":7,"createdate":1645884768000,"id":13824,"is_iot_device":false,"multi_level":false,"name":"TSPzhanting","pid":-1,"piddes":"2,7,-1","projectid":"c85201a8de5f4c598a81d58a1aab3e3d","root_type":"R3D","state":"1","template_type":1,"type":"3D","type_id":2,"userid":383},{"bgtype":"2","category_zip_uuid":"10273be4aab740bab6dc6d0dad369e0d","classify":7,"createdate":1645886428000,"id":13827,"is_iot_device":false,"multi_level":false,"name":"TSPzhantai","pid":-1,"piddes":"2,7,-1","projectid":"c85201a8de5f4c598a81d58a1aab3e3d","root_type":"R3D","state":"1","template_type":1,"type":"3D","type_id":2,"userid":383},{"bgtype":"2","category_zip_uuid":"f4744db4f1764871a6b6c140269d24c3","classify":7,"createdate":1646114720000,"id":14317,"is_iot_device":false,"multi_level":false,"name":"2663120_自动扶梯","pid":-1,"piddes":"2,7,-1","projectid":"352339e762ae433ea827a6acc1c5fc81","root_type":"R3D","state":"1","template_type":1,"type":"3D","type_id":2,"userid":383},{"bgtype":"2","category_zip_uuid":"d03bf18f088045a88a1150b38ed5d951","classify":7,"createdate":1646117812000,"id":14329,"is_iot_device":false,"multi_level":false,"name":"TSPbuti","pid":-1,"piddes":"2,7,-1","projectid":"352339e762ae433ea827a6acc1c5fc81","root_type":"R3D","state":"1","template_type":1,"type":"3D","type_id":2,"userid":383},{"bgtype":"2","category_zip_uuid":"f73a036f89a8462cbd9dabe873c1570d","classify":7,"createdate":1646119221000,"id":14330,"is_iot_device":false,"multi_level":false,"name":"1837794_GS_直流充电屏柜DC","pid":-1,"piddes":"2,7,-1","projectid":"352339e762ae433ea827a6acc1c5fc81","root_type":"R3D","state":"1","template_type":1,"type":"3D","type_id":2,"userid":383},{"bgtype":"2","category_zip_uuid":"a56b4d0bc369459f925da06afe01dabc","classify":7,"createdate":1646119221000,"id":14331,"is_iot_device":false,"multi_level":false,"name":"1840945_GS_ 站用交流屏AC","pid":-1,"piddes":"2,7,-1","projectid":"352339e762ae433ea827a6acc1c5fc81","root_type":"R3D","state":"1","template_type":1,"type":"3D","type_id":2,"userid":383},{"bgtype":"2","category_zip_uuid":"146d12219d9d4a31a6efc7cccb860b18","classify":7,"createdate":1646119221000,"id":14332,"is_iot_device":false,"multi_level":false,"name":"1858702_GB_负极柜","pid":-1,"piddes":"2,7,-1","projectid":"352339e762ae433ea827a6acc1c5fc81","root_type":"R3D","state":"1","template_type":1,"type":"3D","type_id":2,"userid":383},{"bgtype":"2","category_zip_uuid":"6c1ffcab7f9b4f6cba32876ab5c5e019","classify":7,"createdate":1646119222000,"id":14337,"is_iot_device":false,"multi_level":false,"name":"2282246_GB_负极柜","pid":-1,"piddes":"2,7,-1","projectid":"352339e762ae433ea827a6acc1c5fc81","root_type":"R3D","state":"1","template_type":1,"type":"3D","type_id":2,"userid":383},{"bgtype":"2","category_zip_uuid":"632b13158f00460f966ecbc9cc2c545d","classify":7,"createdate":1646119231000,"id":14394,"is_iot_device":false,"multi_level":false,"name":"8277392_GX_0.4KV开关柜_出线柜_株洲中车机电科技有限公司ssss","pid":-1,"piddes":"2,7,-1","projectid":"352339e762ae433ea827a6acc1c5fc81","root_type":"R3D","state":"1","template_type":1,"type":"3D","type_id":2,"userid":383},{"bgtype":"2","category_zip_uuid":"c0b4a2d227944492b417b58a216ec0db","classify":7,"createdate":1646119222000,"id":14334,"is_iot_device":false,"multi_level":false,"name":"1968890_站台门控制电源系统（CPS）","pid":-1,"piddes":"2,7,-1","projectid":"352339e762ae433ea827a6acc1c5fc81","root_type":"R3D","state":"1","template_type":1,"type":"3D","type_id":2,"userid":383},{"bgtype":"2","category_zip_uuid":"a48edbce60034586837a561af166a48d","classify":7,"createdate":1646119222000,"id":14335,"is_iot_device":false,"multi_level":false,"name":"1986047_TX_综合配线屏","pid":-1,"piddes":"2,7,-1","projectid":"352339e762ae433ea827a6acc1c5fc81","root_type":"R3D","state":"1","template_type":1,"type":"3D","type_id":2,"userid":383},{"bgtype":"2","category_zip_uuid":"e81d070f58f74d00916ee79b2af7c96f","classify":7,"createdate":1646119222000,"id":14336,"is_iot_device":false,"multi_level":false,"name":"2280968_机柜","pid":-1,"piddes":"2,7,-1","projectid":"352339e762ae433ea827a6acc1c5fc81","root_type":"R3D","state":"1","template_type":1,"type":"3D","type_id":2,"userid":383},{"bgtype":"2","category_zip_uuid":"4bb8cdd28d614a7292bbb98db1999fa1","classify":7,"createdate":1646119222000,"id":14338,"is_iot_device":false,"multi_level":false,"name":"2308847_机柜","pid":-1,"piddes":"2,7,-1","projectid":"352339e762ae433ea827a6acc1c5fc81","root_type":"R3D","state":"1","template_type":1,"type":"3D","type_id":2,"userid":383},{"bgtype":"2","category_zip_uuid":"605d2e019e4a41f1b2b0bbd263d21e0e","classify":7,"createdate":1646119221000,"id":14333,"is_iot_device":false,"multi_level":false,"name":"1858704_GB-整流器","pid":-1,"piddes":"2,7,-1","projectid":"352339e762ae433ea827a6acc1c5fc81","root_type":"R3D","state":"1","template_type":1,"type":"3D","type_id":2,"userid":383},{"bgtype":"2","category_zip_uuid":"edd31ad1ab4b4272be5e889f1466b874","classify":7,"createdate":1646119231000,"id":14392,"is_iot_device":false,"multi_level":false,"name":"8265325_101-19 10 99_AFC_双人票亭不封顶右开门","pid":-1,"piddes":"2,7,-1","projectid":"352339e762ae433ea827a6acc1c5fc81","root_type":"R3D","state":"1","template_type":1,"type":"3D","type_id":2,"userid":383},{"bgtype":"2","category_zip_uuid":"81bb32ba0d214fff98ec1294852c46fd","classify":7,"createdate":1646119231000,"id":14391,"is_iot_device":false,"multi_level":false,"name":"8257380_101-19 10 55 30_AFC_自动售票机-全功能","pid":-1,"piddes":"2,7,-1","projectid":"352339e762ae433ea827a6acc1c5fc81","root_type":"R3D","state":"1","template_type":1,"type":"3D","type_id":2,"userid":383},{"bgtype":"2","category_zip_uuid":"d2cbbbeec4a54990b00c9ad8b9778478","classify":7,"createdate":1646119222000,"id":14339,"is_iot_device":false,"multi_level":false,"name":"2713840_101-17 42 40 20_TX_吸顶扬声器","pid":-1,"piddes":"2,7,-1","projectid":"352339e762ae433ea827a6acc1c5fc81","root_type":"R3D","state":"1","template_type":1,"type":"3D","type_id":2,"userid":383},{"bgtype":"2","category_zip_uuid":"3096b1b083f54dcda0341d1d3ba8c0c3","classify":7,"createdate":1646119222000,"id":14340,"is_iot_device":false,"multi_level":false,"name":"2719340_101-19 10 55 05 04_AFC_闸机机箱-NNR1","pid":-1,"piddes":"2,7,-1","projectid":"352339e762ae433ea827a6acc1c5fc81","root_type":"R3D","state":"1","template_type":1,"type":"3D","type_id":2,"userid":383},{"bgtype":"2","category_zip_uuid":"1fd406f034b349c7a8f9c4910965e142","classify":7,"createdate":1646119223000,"id":14347,"is_iot_device":false,"multi_level":false,"name":"3122967_101-19 10 55 05 28_AFC_标准右扇门","pid":-1,"piddes":"2,7,-1","projectid":"352339e762ae433ea827a6acc1c5fc81","root_type":"R3D","state":"1","template_type":1,"type":"3D","type_id":2,"userid":383},{"bgtype":"2","category_zip_uuid":"a721ee002f4445c88ff3e110b02718e8","classify":7,"createdate":1646119224000,"id":14352,"is_iot_device":false,"multi_level":false,"name":"3689919_101-19 10 55 10 04_AFC_闸机机箱-NNL2","pid":-1,"piddes":"2,7,-1","projectid":"352339e762ae433ea827a6acc1c5fc81","root_type":"R3D","state":"1","template_type":1,"type":"3D","type_id":2,"userid":383},{"bgtype":"2","category_zip_uuid":"1e07279129f8410a951c2c4082b22e67","classify":7,"createdate":1646119223000,"id":14343,"is_iot_device":false,"multi_level":false,"name":"2719408_101-19 10 55 10 18_AFC_标准左扇门","pid":-1,"piddes":"2,7,-1","projectid":"352339e762ae433ea827a6acc1c5fc81","root_type":"R3D","state":"1","template_type":1,"type":"3D","type_id":2,"userid":383},{"bgtype":"2","category_zip_uuid":"0920f05534e749c1bde67e85f19651be","classify":7,"createdate":1646119225000,"id":14353,"is_iot_device":false,"multi_level":false,"name":"3690105_101-19 10 55 10 06_AFC_闸机机箱-NNR2","pid":-1,"piddes":"2,7,-1","projectid":"352339e762ae433ea827a6acc1c5fc81","root_type":"R3D","state":"1","template_type":1,"type":"3D","type_id":2,"userid":383},{"bgtype":"2","category_zip_uuid":"04ac95d834404900903abe0ef8709e1c","classify":7,"createdate":1646119225000,"id":14354,"is_iot_device":false,"multi_level":false,"name":"3690155_101-19 10 55 10 20_AFC_标准右扇门","pid":-1,"piddes":"2,7,-1","projectid":"352339e762ae433ea827a6acc1c5fc81","root_type":"R3D","state":"1","template_type":1,"type":"3D","type_id":2,"userid":383},{"bgtype":"2","category_zip_uuid":"8c9ff09b88944bb3ad919b59022b27eb","classify":7,"createdate":1646119225000,"id":14355,"is_iot_device":false,"multi_level":false,"name":"3690156_101-19 10 55 10 20_AFC_标准右扇门","pid":-1,"piddes":"2,7,-1","projectid":"352339e762ae433ea827a6acc1c5fc81","root_type":"R3D","state":"1","template_type":1,"type":"3D","type_id":2,"userid":383},{"bgtype":"2","category_zip_uuid":"9353bd9ebefa443aa6ae9170c8459dfa","classify":7,"createdate":1646119225000,"id":14356,"is_iot_device":false,"multi_level":false,"name":"3690175_101-19 10 55 10 04_AFC_闸机机箱-NNL2","pid":-1,"piddes":"2,7,-1","projectid":"352339e762ae433ea827a6acc1c5fc81","root_type":"R3D","state":"1","template_type":1,"type":"3D","type_id":2,"userid":383},{"bgtype":"2","category_zip_uuid":"bbb1b651023c46b18e5c55900804161f","classify":7,"createdate":1646119226000,"id":14360,"is_iot_device":false,"multi_level":false,"name":"3955780_101-19 10 55 15 20_AFC_标准右扇门","pid":-1,"piddes":"2,7,-1","projectid":"352339e762ae433ea827a6acc1c5fc81","root_type":"R3D","state":"1","template_type":1,"type":"3D","type_id":2,"userid":383},{"bgtype":"2","category_zip_uuid":"495599be7edb49b38d4b1b00d6017196","classify":7,"createdate":1646119226000,"id":14359,"is_iot_device":false,"multi_level":false,"name":"3955766_101-19 10 55 15 24_AFC_宽右扇门","pid":-1,"piddes":"2,7,-1","projectid":"352339e762ae433ea827a6acc1c5fc81","root_type":"R3D","state":"1","template_type":1,"type":"3D","type_id":2,"userid":383},{"bgtype":"2","category_zip_uuid":"9cd4d746905a4769a6fbc9e9f8a6b649","classify":7,"createdate":1646119227000,"id":14362,"is_iot_device":false,"multi_level":false,"name":"4042104_101-19 10 55 05 26_AFC_标准左扇门","pid":-1,"piddes":"2,7,-1","projectid":"352339e762ae433ea827a6acc1c5fc81","root_type":"R3D","state":"1","template_type":1,"type":"3D","type_id":2,"userid":383},{"bgtype":"2","category_zip_uuid":"2dc8c5ec38964384961dc2b923928e41","classify":7,"createdate":1646119227000,"id":14363,"is_iot_device":false,"multi_level":false,"name":"4042105_101-19 10 55 05 26_AFC_标准左扇门","pid":-1,"piddes":"2,7,-1","projectid":"352339e762ae433ea827a6acc1c5fc81","root_type":"R3D","state":"1","template_type":1,"type":"3D","type_id":2,"userid":383},{"bgtype":"2","category_zip_uuid":"e460fd07d35343e7b47620123a54f403","classify":7,"createdate":1646119227000,"id":14364,"is_iot_device":false,"multi_level":false,"name":"4192886_101-19 10 55 05 04_AFC_闸机机箱-NNR1","pid":-1,"piddes":"2,7,-1","projectid":"352339e762ae433ea827a6acc1c5fc81","root_type":"R3D","state":"1","template_type":1,"type":"3D","type_id":2,"userid":383},{"bgtype":"2","category_zip_uuid":"7a24959274644a679730eb632bf84ec0","classify":7,"createdate":1646119227000,"id":14365,"is_iot_device":false,"multi_level":false,"name":"4192892_101-19 10 55 05 28_AFC_标准右扇门","pid":-1,"piddes":"2,7,-1","projectid":"352339e762ae433ea827a6acc1c5fc81","root_type":"R3D","state":"1","template_type":1,"type":"3D","type_id":2,"userid":383},{"bgtype":"2","category_zip_uuid":"0be37b3e19b340af8d9fea68a2a6b25e","classify":7,"createdate":1646119227000,"id":14366,"is_iot_device":false,"multi_level":false,"name":"4192952_101-19 10 55 05 28_AFC_标准右扇门","pid":-1,"piddes":"2,7,-1","projectid":"352339e762ae433ea827a6acc1c5fc81","root_type":"R3D","state":"1","template_type":1,"type":"3D","type_id":2,"userid":383},{"bgtype":"2","category_zip_uuid":"eec90d64a8a5435bacc384a889a95482","classify":7,"createdate":1646119228000,"id":14367,"is_iot_device":false,"multi_level":false,"name":"4193068_101-19 10 55 05 02_AFC_闸机机箱-NNL1","pid":-1,"piddes":"2,7,-1","projectid":"352339e762ae433ea827a6acc1c5fc81","root_type":"R3D","state":"1","template_type":1,"type":"3D","type_id":2,"userid":383},{"bgtype":"2","category_zip_uuid":"8ff6766dd893486181691af1b25bb327","classify":7,"createdate":1646119223000,"id":14346,"is_iot_device":false,"multi_level":false,"name":"3122958_101-19 10 55 05 26_AFC_标准左扇门","pid":-1,"piddes":"2,7,-1","projectid":"352339e762ae433ea827a6acc1c5fc81","root_type":"R3D","state":"1","template_type":1,"type":"3D","type_id":2,"userid":383},{"bgtype":"2","category_zip_uuid":"f29f2a88d41041ccba1e68cfd0fa551e","classify":7,"createdate":1646119228000,"id":14368,"is_iot_device":false,"multi_level":false,"name":"4194367_101-17 90 60 25_TX_一体化球形摄像机","pid":-1,"piddes":"2,7,-1","projectid":"352339e762ae433ea827a6acc1c5fc81","root_type":"R3D","state":"1","template_type":1,"type":"3D","type_id":2,"userid":383},{"bgtype":"2","category_zip_uuid":"7add3f75504449ed819f29df3c1f8850","classify":7,"createdate":1646119228000,"id":14369,"is_iot_device":false,"multi_level":false,"name":"4195471_101-17 90 60 10_TX_半球摄像机","pid":-1,"piddes":"2,7,-1","projectid":"352339e762ae433ea827a6acc1c5fc81","root_type":"R3D","state":"1","template_type":1,"type":"3D","type_id":2,"userid":383},{"bgtype":"2","category_zip_uuid":"5f65cce6f75544f4bc6887565117b7d7","classify":7,"createdate":1646119228000,"id":14370,"is_iot_device":false,"multi_level":false,"name":"4196535_101-17 42 40 20_TX_吸顶扬声器","pid":-1,"piddes":"2,7,-1","projectid":"352339e762ae433ea827a6acc1c5fc81","root_type":"R3D","state":"1","template_type":1,"type":"3D","type_id":2,"userid":383},{"bgtype":"2","category_zip_uuid":"767cdbfa83e148ec8f279e33254ea374","classify":7,"createdate":1646119228000,"id":14371,"is_iot_device":false,"multi_level":false,"name":"4196589_101-19 10 55 10 18_AFC_标准左扇门","pid":-1,"piddes":"2,7,-1","projectid":"352339e762ae433ea827a6acc1c5fc81","root_type":"R3D","state":"1","template_type":1,"type":"3D","type_id":2,"userid":383},{"bgtype":"2","category_zip_uuid":"172b2bfe641847b193d97800194df262","classify":7,"createdate":1646119228000,"id":14372,"is_iot_device":false,"multi_level":false,"name":"4196590_101-19 10 55 10 18_AFC_标准左扇门","pid":-1,"piddes":"2,7,-1","projectid":"352339e762ae433ea827a6acc1c5fc81","root_type":"R3D","state":"1","template_type":1,"type":"3D","type_id":2,"userid":383},{"bgtype":"2","category_zip_uuid":"7d18c33e166e4f4e9bb735a2d502ce9e","classify":7,"createdate":1646119223000,"id":14341,"is_iot_device":false,"multi_level":false,"name":"2719343_101-19 10 55 10 06_AFC_闸机机箱-NNR2","pid":-1,"piddes":"2,7,-1","projectid":"352339e762ae433ea827a6acc1c5fc81","root_type":"R3D","state":"1","template_type":1,"type":"3D","type_id":2,"userid":383},{"bgtype":"2","category_zip_uuid":"196d2ee01fc243af9bec265c968caeaa","classify":7,"createdate":1646119223000,"id":14342,"is_iot_device":false,"multi_level":false,"name":"2719344_101-19 10 55 10 20_AFC_标准右扇门","pid":-1,"piddes":"2,7,-1","projectid":"352339e762ae433ea827a6acc1c5fc81","root_type":"R3D","state":"1","template_type":1,"type":"3D","type_id":2,"userid":383},{"bgtype":"2","category_zip_uuid":"bf9d18cc58af43018c38c76bbee08f35","classify":7,"createdate":1646119228000,"id":14373,"is_iot_device":false,"multi_level":false,"name":"4196845_101-19 10 55 10 18_AFC_标准左扇门","pid":-1,"piddes":"2,7,-1","projectid":"352339e762ae433ea827a6acc1c5fc81","root_type":"R3D","state":"1","template_type":1,"type":"3D","type_id":2,"userid":383},{"bgtype":"2","category_zip_uuid":"61c11dcb3a384592b11fe11e163664d3","classify":7,"createdate":1646119228000,"id":14374,"is_iot_device":false,"multi_level":false,"name":"4196846_101-19 10 55 10 18_AFC_标准左扇门","pid":-1,"piddes":"2,7,-1","projectid":"352339e762ae433ea827a6acc1c5fc81","root_type":"R3D","state":"1","template_type":1,"type":"3D","type_id":2,"userid":383},{"bgtype":"2","category_zip_uuid":"f2ec192e27334622b4feca4ddc6608b2","classify":7,"createdate":1646119228000,"id":14377,"is_iot_device":false,"multi_level":false,"name":"4384903_101-19 10 55 20 22_AFC_标准右扇门","pid":-1,"piddes":"2,7,-1","projectid":"352339e762ae433ea827a6acc1c5fc81","root_type":"R3D","state":"1","template_type":1,"type":"3D","type_id":2,"userid":383},{"bgtype":"2","category_zip_uuid":"dfadc1a667fe4eb2a25a006ff6e412f8","classify":7,"createdate":1646119228000,"id":14376,"is_iot_device":false,"multi_level":false,"name":"4384889_101-19 10 55 20 26_AFC_宽右扇门","pid":-1,"piddes":"2,7,-1","projectid":"352339e762ae433ea827a6acc1c5fc81","root_type":"R3D","state":"1","template_type":1,"type":"3D","type_id":2,"userid":383},{"bgtype":"2","category_zip_uuid":"db9620d3df894f9293b71f382b14713e","classify":7,"createdate":1646119224000,"id":14351,"is_iot_device":false,"multi_level":false,"name":"3688440_101-19 10 55 28 36_AFC_标准右扇门","pid":-1,"piddes":"2,7,-1","projectid":"352339e762ae433ea827a6acc1c5fc81","root_type":"R3D","state":"1","template_type":1,"type":"3D","type_id":2,"userid":383},{"bgtype":"2","category_zip_uuid":"33fcf7a2653a4124949decb3dd853fae","classify":7,"createdate":1646119229000,"id":14380,"is_iot_device":false,"multi_level":false,"name":"4782523_101-19 10 55 20 24_AFC_宽左扇门","pid":-1,"piddes":"2,7,-1","projectid":"352339e762ae433ea827a6acc1c5fc81","root_type":"R3D","state":"1","template_type":1,"type":"3D","type_id":2,"userid":383},{"bgtype":"2","category_zip_uuid":"9351c9f4fd714ba38ba19022152e2997","classify":7,"createdate":1646119229000,"id":14381,"is_iot_device":false,"multi_level":false,"name":"4782668_101-19 10 55 28 39_AFC_宽左扇门","pid":-1,"piddes":"2,7,-1","projectid":"352339e762ae433ea827a6acc1c5fc81","root_type":"R3D","state":"1","template_type":1,"type":"3D","type_id":2,"userid":383},{"bgtype":"2","category_zip_uuid":"fa9d259c3de445b68f4a4eb4cd61306a","classify":7,"createdate":1646119229000,"id":14382,"is_iot_device":false,"multi_level":false,"name":"4782824_101-19 10 55 10 18_AFC_标准左扇门","pid":-1,"piddes":"2,7,-1","projectid":"352339e762ae433ea827a6acc1c5fc81","root_type":"R3D","state":"1","template_type":1,"type":"3D","type_id":2,"userid":383},{"bgtype":"2","category_zip_uuid":"0258bf129f6146b29f82f1497f75b137","classify":7,"createdate":1646119229000,"id":14383,"is_iot_device":false,"multi_level":false,"name":"4782962_101-19 10 55 20 24_AFC_宽左扇门","pid":-1,"piddes":"2,7,-1","projectid":"352339e762ae433ea827a6acc1c5fc81","root_type":"R3D","state":"1","template_type":1,"type":"3D","type_id":2,"userid":383},{"bgtype":"2","category_zip_uuid":"6708d601ff2e4f198acdac6e77888fc2","classify":7,"createdate":1646119224000,"id":14349,"is_iot_device":false,"multi_level":false,"name":"3461168_101-19 10 55 05 32_AFC_宽右扇门","pid":-1,"piddes":"2,7,-1","projectid":"352339e762ae433ea827a6acc1c5fc81","root_type":"R3D","state":"1","template_type":1,"type":"3D","type_id":2,"userid":383},{"bgtype":"2","category_zip_uuid":"c5f9bba2e2fe4f2a9f8a4a4d171a64b1","classify":7,"createdate":1646119230000,"id":14385,"is_iot_device":false,"multi_level":false,"name":"4863689_101-19 10 55 05 26_AFC_标准左扇门","pid":-1,"piddes":"2,7,-1","projectid":"352339e762ae433ea827a6acc1c5fc81","root_type":"R3D","state":"1","template_type":1,"type":"3D","type_id":2,"userid":383},{"bgtype":"2","category_zip_uuid":"9fd06455a3344494ad167cd87920c18e","classify":7,"createdate":1646119230000,"id":14387,"is_iot_device":false,"multi_level":false,"name":"4951767_101-19 10 55 05 30_AFC_宽左扇门","pid":-1,"piddes":"2,7,-1","projectid":"352339e762ae433ea827a6acc1c5fc81","root_type":"R3D","state":"1","template_type":1,"type":"3D","type_id":2,"userid":383},{"bgtype":"2","category_zip_uuid":"e5b6f3016a134ba790530f6a85b623df","classify":7,"createdate":1646119230000,"id":14388,"is_iot_device":false,"multi_level":false,"name":"4951860_101-19 10 55 28 33_AFC_标准左扇门","pid":-1,"piddes":"2,7,-1","projectid":"352339e762ae433ea827a6acc1c5fc81","root_type":"R3D","state":"1","template_type":1,"type":"3D","type_id":2,"userid":383},{"bgtype":"2","category_zip_uuid":"c0925c0eca4a4ad880d9a5501fa6fc64","classify":7,"createdate":1646119231000,"id":14393,"is_iot_device":false,"multi_level":false,"name":"8268849_101-19 10 55 60_AFC_智慧边门","pid":-1,"piddes":"2,7,-1","projectid":"352339e762ae433ea827a6acc1c5fc81","root_type":"R3D","state":"1","template_type":1,"type":"3D","type_id":2,"userid":383},{"bgtype":"2","category_zip_uuid":"a3f202dd62b3445bbb35964ae2fddb29","classify":7,"createdate":1646119230000,"id":14389,"is_iot_device":false,"multi_level":false,"name":"5346332_101-19 10 55 10 18_AFC_标准左扇门","pid":-1,"piddes":"2,7,-1","projectid":"352339e762ae433ea827a6acc1c5fc81","root_type":"R3D","state":"1","template_type":1,"type":"3D","type_id":2,"userid":383},{"bgtype":"2","category_zip_uuid":"6fc8805f13ff4b129f9fd2f5b4879624","classify":7,"createdate":1646119230000,"id":14390,"is_iot_device":false,"multi_level":false,"name":"6535068_101-21 20 01 20_AJ_中型通道式X光机","pid":-1,"piddes":"2,7,-1","projectid":"352339e762ae433ea827a6acc1c5fc81","root_type":"R3D","state":"1","template_type":1,"type":"3D","type_id":2,"userid":383},{"bgtype":"2","category_zip_uuid":"53d24be2273a498e9f2da2ab86e9eab9","classify":7,"createdate":1646122935000,"id":14423,"is_iot_device":false,"multi_level":false,"name":"TSPchurukou","pid":-1,"piddes":"2,7,-1","projectid":"352339e762ae433ea827a6acc1c5fc81","root_type":"R3D","state":"1","template_type":1,"type":"3D","type_id":2,"userid":383},{"bgtype":"2","category_zip_uuid":"dcbaf45106fe414688d26a50f8e743f2","classify":7,"createdate":1646123612000,"id":14556,"is_iot_device":false,"multi_level":false,"name":"2274492_标准滑动门（右）","pid":-1,"piddes":"2,7,-1","projectid":"352339e762ae433ea827a6acc1c5fc81","root_type":"R3D","state":"1","template_type":1,"type":"3D","type_id":2,"userid":383},{"bgtype":"2","category_zip_uuid":"db3c00dbf4a84f249c292306def8e70e","classify":7,"createdate":1646123612000,"id":14557,"is_iot_device":false,"multi_level":false,"name":"2283927_标准滑动门（右）","pid":-1,"piddes":"2,7,-1","projectid":"352339e762ae433ea827a6acc1c5fc81","root_type":"R3D","state":"1","template_type":1,"type":"3D","type_id":2,"userid":383},{"bgtype":"2","category_zip_uuid":"ebcc5bd2f34a40d7bdb4eaa9a227bc0a","classify":7,"createdate":1646123612000,"id":14558,"is_iot_device":false,"multi_level":false,"name":"2283957_标准滑动门（右）","pid":-1,"piddes":"2,7,-1","projectid":"352339e762ae433ea827a6acc1c5fc81","root_type":"R3D","state":"1","template_type":1,"type":"3D","type_id":2,"userid":383},{"bgtype":"2","category_zip_uuid":"2d27ced0c76f4bd890e70d5f3020d27d","classify":7,"createdate":1646123612000,"id":14559,"is_iot_device":false,"multi_level":false,"name":"2283958_标准滑动门（右）","pid":-1,"piddes":"2,7,-1","projectid":"352339e762ae433ea827a6acc1c5fc81","root_type":"R3D","state":"1","template_type":1,"type":"3D","type_id":2,"userid":383},{"bgtype":"2","category_zip_uuid":"f4cc1d15d1ba4b3e97c0951c29bd69c7","classify":7,"createdate":1646123612000,"id":14560,"is_iot_device":false,"multi_level":false,"name":"2283983_标准滑动门（右）","pid":-1,"piddes":"2,7,-1","projectid":"352339e762ae433ea827a6acc1c5fc81","root_type":"R3D","state":"1","template_type":1,"type":"3D","type_id":2,"userid":383},{"bgtype":"2","category_zip_uuid":"b151d36e4ccb4ce9bfa162ad148337ae","classify":7,"createdate":1646123612000,"id":14561,"is_iot_device":false,"multi_level":false,"name":"2284013_标准滑动门（右）","pid":-1,"piddes":"2,7,-1","projectid":"352339e762ae433ea827a6acc1c5fc81","root_type":"R3D","state":"1","template_type":1,"type":"3D","type_id":2,"userid":383},{"bgtype":"2","category_zip_uuid":"287f68a571524892a84307f4811db325","classify":7,"createdate":1646123612000,"id":14562,"is_iot_device":false,"multi_level":false,"name":"2284024_标准滑动门（右）","pid":-1,"piddes":"2,7,-1","projectid":"352339e762ae433ea827a6acc1c5fc81","root_type":"R3D","state":"1","template_type":1,"type":"3D","type_id":2,"userid":383},{"bgtype":"2","category_zip_uuid":"31f70677d9ec4362a26a38a02f7b2679","classify":7,"createdate":1646123612000,"id":14563,"is_iot_device":false,"multi_level":false,"name":"2284037_标准滑动门（右）","pid":-1,"piddes":"2,7,-1","projectid":"352339e762ae433ea827a6acc1c5fc81","root_type":"R3D","state":"1","template_type":1,"type":"3D","type_id":2,"userid":383},{"bgtype":"2","category_zip_uuid":"d5f3b6e1bcf84c199c1e25d00b868f7f","classify":7,"createdate":1646123612000,"id":14564,"is_iot_device":false,"multi_level":false,"name":"2284053_标准滑动门（右）","pid":-1,"piddes":"2,7,-1","projectid":"352339e762ae433ea827a6acc1c5fc81","root_type":"R3D","state":"1","template_type":1,"type":"3D","type_id":2,"userid":383},{"bgtype":"2","category_zip_uuid":"5c4d91f2c6b8494ba180812590fb0829","classify":7,"createdate":1646123612000,"id":14565,"is_iot_device":false,"multi_level":false,"name":"2284082_标准滑动门（右）","pid":-1,"piddes":"2,7,-1","projectid":"352339e762ae433ea827a6acc1c5fc81","root_type":"R3D","state":"1","template_type":1,"type":"3D","type_id":2,"userid":383},{"bgtype":"2","category_zip_uuid":"5116bf502c414b78b06a73d9327240f3","classify":7,"createdate":1646123612000,"id":14566,"is_iot_device":false,"multi_level":false,"name":"2284083_标准滑动门（右）","pid":-1,"piddes":"2,7,-1","projectid":"352339e762ae433ea827a6acc1c5fc81","root_type":"R3D","state":"1","template_type":1,"type":"3D","type_id":2,"userid":383},{"bgtype":"2","category_zip_uuid":"9bb195b09f8f4c86b213230be6fc4be3","classify":7,"createdate":1646123612000,"id":14567,"is_iot_device":false,"multi_level":false,"name":"2284104_标准滑动门（右）","pid":-1,"piddes":"2,7,-1","projectid":"352339e762ae433ea827a6acc1c5fc81","root_type":"R3D","state":"1","template_type":1,"type":"3D","type_id":2,"userid":383},{"bgtype":"2","category_zip_uuid":"0933674960b64e88b147e5f7b1c36b42","classify":7,"createdate":1646123612000,"id":14568,"is_iot_device":false,"multi_level":false,"name":"2284116_标准滑动门（右）","pid":-1,"piddes":"2,7,-1","projectid":"352339e762ae433ea827a6acc1c5fc81","root_type":"R3D","state":"1","template_type":1,"type":"3D","type_id":2,"userid":383},{"bgtype":"2","category_zip_uuid":"aa20f293ecf64ede95274ff07acd1003","classify":7,"createdate":1646123612000,"id":14569,"is_iot_device":false,"multi_level":false,"name":"2284145_标准滑动门（右）","pid":-1,"piddes":"2,7,-1","projectid":"352339e762ae433ea827a6acc1c5fc81","root_type":"R3D","state":"1","template_type":1,"type":"3D","type_id":2,"userid":383},{"bgtype":"2","category_zip_uuid":"81f466cf0c4f438c96d8fd564c39929b","classify":7,"createdate":1646123612000,"id":14570,"is_iot_device":false,"multi_level":false,"name":"2284161_标准滑动门（右）","pid":-1,"piddes":"2,7,-1","projectid":"352339e762ae433ea827a6acc1c5fc81","root_type":"R3D","state":"1","template_type":1,"type":"3D","type_id":2,"userid":383},{"bgtype":"2","category_zip_uuid":"9df9331d703d440cace53bf2267b6d24","classify":7,"createdate":1646123612000,"id":14571,"is_iot_device":false,"multi_level":false,"name":"2284173_标准滑动门（右）","pid":-1,"piddes":"2,7,-1","projectid":"352339e762ae433ea827a6acc1c5fc81","root_type":"R3D","state":"1","template_type":1,"type":"3D","type_id":2,"userid":383},{"bgtype":"2","category_zip_uuid":"04f21d80e7f241579fb770b533c3b437","classify":7,"createdate":1646123612000,"id":14572,"is_iot_device":false,"multi_level":false,"name":"2284202_标准滑动门（右）","pid":-1,"piddes":"2,7,-1","projectid":"352339e762ae433ea827a6acc1c5fc81","root_type":"R3D","state":"1","template_type":1,"type":"3D","type_id":2,"userid":383},{"bgtype":"2","category_zip_uuid":"f56aed4564b142ea8c8693daae095e94","classify":7,"createdate":1646123613000,"id":14573,"is_iot_device":false,"multi_level":false,"name":"2284203_标准滑动门（右）","pid":-1,"piddes":"2,7,-1","projectid":"352339e762ae433ea827a6acc1c5fc81","root_type":"R3D","state":"1","template_type":1,"type":"3D","type_id":2,"userid":383},{"bgtype":"2","category_zip_uuid":"9409f0291b864e7387719918951c2f33","classify":7,"createdate":1646123613000,"id":14574,"is_iot_device":false,"multi_level":false,"name":"2284224_标准滑动门（右）","pid":-1,"piddes":"2,7,-1","projectid":"352339e762ae433ea827a6acc1c5fc81","root_type":"R3D","state":"1","template_type":1,"type":"3D","type_id":2,"userid":383},{"bgtype":"2","category_zip_uuid":"9a6a44fd60d14d5b824bd7cb77fcf468","classify":7,"createdate":1646123613000,"id":14575,"is_iot_device":false,"multi_level":false,"name":"2284240_标准滑动门（右）","pid":-1,"piddes":"2,7,-1","projectid":"352339e762ae433ea827a6acc1c5fc81","root_type":"R3D","state":"1","template_type":1,"type":"3D","type_id":2,"userid":383},{"bgtype":"2","category_zip_uuid":"f9dfbb7ca1524744954504a55076dc65","classify":7,"createdate":1646123613000,"id":14576,"is_iot_device":false,"multi_level":false,"name":"2284269_标准滑动门（右）","pid":-1,"piddes":"2,7,-1","projectid":"352339e762ae433ea827a6acc1c5fc81","root_type":"R3D","state":"1","template_type":1,"type":"3D","type_id":2,"userid":383},{"bgtype":"2","category_zip_uuid":"be8ef6f61ad947e58e33ccf55cf66ffd","classify":7,"createdate":1646123613000,"id":14577,"is_iot_device":false,"multi_level":false,"name":"2284280_标准滑动门（右）","pid":-1,"piddes":"2,7,-1","projectid":"352339e762ae433ea827a6acc1c5fc81","root_type":"R3D","state":"1","template_type":1,"type":"3D","type_id":2,"userid":383},{"bgtype":"2","category_zip_uuid":"9941794235f847ac8b775aa9b32fdb80","classify":7,"createdate":1646123613000,"id":14578,"is_iot_device":false,"multi_level":false,"name":"2284293_标准滑动门（右）","pid":-1,"piddes":"2,7,-1","projectid":"352339e762ae433ea827a6acc1c5fc81","root_type":"R3D","state":"1","template_type":1,"type":"3D","type_id":2,"userid":383},{"bgtype":"2","category_zip_uuid":"7529bcbe328d453ca6856d944f90b0b0","classify":7,"createdate":1646123613000,"id":14579,"is_iot_device":false,"multi_level":false,"name":"2384384_非标滑动门","pid":-1,"piddes":"2,7,-1","projectid":"352339e762ae433ea827a6acc1c5fc81","root_type":"R3D","state":"1","template_type":1,"type":"3D","type_id":2,"userid":383},{"bgtype":"2","category_zip_uuid":"92a1da21a6554e0ba407891ff8490f89","classify":7,"createdate":1646123613000,"id":14580,"is_iot_device":false,"multi_level":false,"name":"2384518_非标滑动门","pid":-1,"piddes":"2,7,-1","projectid":"352339e762ae433ea827a6acc1c5fc81","root_type":"R3D","state":"1","template_type":1,"type":"3D","type_id":2,"userid":383},{"bgtype":"2","category_zip_uuid":"eac16565b5614106a2431664d4139409","classify":7,"createdate":1646123613000,"id":14581,"is_iot_device":false,"multi_level":false,"name":"2384519_标准滑动门（右）","pid":-1,"piddes":"2,7,-1","projectid":"352339e762ae433ea827a6acc1c5fc81","root_type":"R3D","state":"1","template_type":1,"type":"3D","type_id":2,"userid":383},{"bgtype":"2","category_zip_uuid":"8defc84931ab496593426ac46ff79d25","classify":7,"createdate":1646123614000,"id":14582,"is_iot_device":false,"multi_level":false,"name":"JX","pid":-1,"piddes":"2,7,-1","projectid":"352339e762ae433ea827a6acc1c5fc81","root_type":"R3D","state":"1","template_type":1,"type":"3D","type_id":2,"userid":383},{"bgtype":"2","category_zip_uuid":"db92e4478d2348e99119fac4ba978858","classify":7,"createdate":1646126930000,"id":14585,"is_iot_device":false,"multi_level":false,"name":"2274613_标准滑动门（右）","pid":-1,"piddes":"2,7,-1","projectid":"352339e762ae433ea827a6acc1c5fc81","root_type":"R3D","state":"1","template_type":1,"type":"3D","type_id":2,"userid":383},{"bgtype":"2","category_zip_uuid":"00f8768510b940d687b8d3c6789ec1f1","classify":7,"createdate":1646126930000,"id":14584,"is_iot_device":false,"multi_level":false,"name":"2274492_标准滑动门（右）","pid":-1,"piddes":"2,7,-1","projectid":"352339e762ae433ea827a6acc1c5fc81","root_type":"R3D","state":"1","template_type":1,"type":"3D","type_id":2,"userid":383},{"bgtype":"2","category_zip_uuid":"b3ef2deba3c64e22afd0ffcc69ee941a","classify":7,"createdate":1646126930000,"id":14586,"is_iot_device":false,"multi_level":false,"name":"2275228_标准滑动门（右）","pid":-1,"piddes":"2,7,-1","projectid":"352339e762ae433ea827a6acc1c5fc81","root_type":"R3D","state":"1","template_type":1,"type":"3D","type_id":2,"userid":383},{"bgtype":"2","category_zip_uuid":"c8fed10e84c0420399f023433cc014cd","classify":7,"createdate":1646126930000,"id":14587,"is_iot_device":false,"multi_level":false,"name":"2275245_标准滑动门（右）","pid":-1,"piddes":"2,7,-1","projectid":"352339e762ae433ea827a6acc1c5fc81","root_type":"R3D","state":"1","template_type":1,"type":"3D","type_id":2,"userid":383},{"bgtype":"2","category_zip_uuid":"fe3203df25424603a6ede957c8c57620","classify":7,"createdate":1646126930000,"id":14588,"is_iot_device":false,"multi_level":false,"name":"2276165_标准滑动门（右）","pid":-1,"piddes":"2,7,-1","projectid":"352339e762ae433ea827a6acc1c5fc81","root_type":"R3D","state":"1","template_type":1,"type":"3D","type_id":2,"userid":383},{"bgtype":"2","category_zip_uuid":"a836f9db27344e8ab747aaa2fa164ad2","classify":7,"createdate":1646126930000,"id":14589,"is_iot_device":false,"multi_level":false,"name":"2276204_标准滑动门（右）","pid":-1,"piddes":"2,7,-1","projectid":"352339e762ae433ea827a6acc1c5fc81","root_type":"R3D","state":"1","template_type":1,"type":"3D","type_id":2,"userid":383},{"bgtype":"2","category_zip_uuid":"0a40522af15747ba875c2bf7a0398ca9","classify":7,"createdate":1646126930000,"id":14590,"is_iot_device":false,"multi_level":false,"name":"2276205_标准滑动门（右）","pid":-1,"piddes":"2,7,-1","projectid":"352339e762ae433ea827a6acc1c5fc81","root_type":"R3D","state":"1","template_type":1,"type":"3D","type_id":2,"userid":383},{"bgtype":"2","category_zip_uuid":"515bea5317ef4af5b2d9be1c5d013f3d","classify":7,"createdate":1646126930000,"id":14591,"is_iot_device":false,"multi_level":false,"name":"2276231_标准滑动门（右）","pid":-1,"piddes":"2,7,-1","projectid":"352339e762ae433ea827a6acc1c5fc81","root_type":"R3D","state":"1","template_type":1,"type":"3D","type_id":2,"userid":383},{"bgtype":"2","category_zip_uuid":"e6a71a77319b433383638c399050912f","classify":7,"createdate":1646126930000,"id":14592,"is_iot_device":false,"multi_level":false,"name":"2276251_标准滑动门（右）","pid":-1,"piddes":"2,7,-1","projectid":"352339e762ae433ea827a6acc1c5fc81","root_type":"R3D","state":"1","template_type":1,"type":"3D","type_id":2,"userid":383},{"bgtype":"2","category_zip_uuid":"8730eee2417245caab196f0205bb5e61","classify":7,"createdate":1646126930000,"id":14593,"is_iot_device":false,"multi_level":false,"name":"2276289_标准滑动门（右）","pid":-1,"piddes":"2,7,-1","projectid":"352339e762ae433ea827a6acc1c5fc81","root_type":"R3D","state":"1","template_type":1,"type":"3D","type_id":2,"userid":383},{"bgtype":"2","category_zip_uuid":"3a29d2022b9347ca8a66ec175b8ec97a","classify":7,"createdate":1646126930000,"id":14594,"is_iot_device":false,"multi_level":false,"name":"2276301_标准滑动门（右）","pid":-1,"piddes":"2,7,-1","projectid":"352339e762ae433ea827a6acc1c5fc81","root_type":"R3D","state":"1","template_type":1,"type":"3D","type_id":2,"userid":383},{"bgtype":"2","category_zip_uuid":"7462492e67c044bea50303b00cc0b5a7","classify":7,"createdate":1646126930000,"id":14595,"is_iot_device":false,"multi_level":false,"name":"2276317_标准滑动门（右）","pid":-1,"piddes":"2,7,-1","projectid":"352339e762ae433ea827a6acc1c5fc81","root_type":"R3D","state":"1","template_type":1,"type":"3D","type_id":2,"userid":383},{"bgtype":"2","category_zip_uuid":"a008a60f5eef4a19a2047c7c07e6525e","classify":7,"createdate":1646126930000,"id":14596,"is_iot_device":false,"multi_level":false,"name":"2276333_标准滑动门（右）","pid":-1,"piddes":"2,7,-1","projectid":"352339e762ae433ea827a6acc1c5fc81","root_type":"R3D","state":"1","template_type":1,"type":"3D","type_id":2,"userid":383},{"bgtype":"2","category_zip_uuid":"7e6f18556d664d56a73d4041f7f3c766","classify":7,"createdate":1646126930000,"id":14597,"is_iot_device":false,"multi_level":false,"name":"2276372_标准滑动门（右）","pid":-1,"piddes":"2,7,-1","projectid":"352339e762ae433ea827a6acc1c5fc81","root_type":"R3D","state":"1","template_type":1,"type":"3D","type_id":2,"userid":383},{"bgtype":"2","category_zip_uuid":"a334ea8d26a94309b94408316bf00a64","classify":7,"createdate":1646126930000,"id":14598,"is_iot_device":false,"multi_level":false,"name":"2276373_标准滑动门（右）","pid":-1,"piddes":"2,7,-1","projectid":"352339e762ae433ea827a6acc1c5fc81","root_type":"R3D","state":"1","template_type":1,"type":"3D","type_id":2,"userid":383},{"bgtype":"2","category_zip_uuid":"bf446de1a3334fb2aa3fee9cc294965b","classify":7,"createdate":1646126930000,"id":14599,"is_iot_device":false,"multi_level":false,"name":"2276403_标准滑动门（右）","pid":-1,"piddes":"2,7,-1","projectid":"352339e762ae433ea827a6acc1c5fc81","root_type":"R3D","state":"1","template_type":1,"type":"3D","type_id":2,"userid":383},{"bgtype":"2","category_zip_uuid":"fc34235fa86a40779da0ef4ed8cc4d1e","classify":7,"createdate":1646126930000,"id":14600,"is_iot_device":false,"multi_level":false,"name":"2276441_标准滑动门（右）","pid":-1,"piddes":"2,7,-1","projectid":"352339e762ae433ea827a6acc1c5fc81","root_type":"R3D","state":"1","template_type":1,"type":"3D","type_id":2,"userid":383},{"bgtype":"2","category_zip_uuid":"4317f4149b75487f9487deb1e8ffb43c","classify":7,"createdate":1646126930000,"id":14601,"is_iot_device":false,"multi_level":false,"name":"2276453_标准滑动门（右）","pid":-1,"piddes":"2,7,-1","projectid":"352339e762ae433ea827a6acc1c5fc81","root_type":"R3D","state":"1","template_type":1,"type":"3D","type_id":2,"userid":383},{"bgtype":"2","category_zip_uuid":"9d43d29ac8854256961e2474ae578a3d","classify":7,"createdate":1646126930000,"id":14602,"is_iot_device":false,"multi_level":false,"name":"2276469_标准滑动门（右）","pid":-1,"piddes":"2,7,-1","projectid":"352339e762ae433ea827a6acc1c5fc81","root_type":"R3D","state":"1","template_type":1,"type":"3D","type_id":2,"userid":383},{"bgtype":"2","category_zip_uuid":"bdc22810e5b6420281a8ede9bea8601d","classify":7,"createdate":1646126930000,"id":14603,"is_iot_device":false,"multi_level":false,"name":"2276489_标准滑动门（右）","pid":-1,"piddes":"2,7,-1","projectid":"352339e762ae433ea827a6acc1c5fc81","root_type":"R3D","state":"1","template_type":1,"type":"3D","type_id":2,"userid":383},{"bgtype":"2","category_zip_uuid":"3fa8bb1c59194600bed475369445f630","classify":7,"createdate":1646126930000,"id":14604,"is_iot_device":false,"multi_level":false,"name":"2276527_标准滑动门（右）","pid":-1,"piddes":"2,7,-1","projectid":"352339e762ae433ea827a6acc1c5fc81","root_type":"R3D","state":"1","template_type":1,"type":"3D","type_id":2,"userid":383},{"bgtype":"2","category_zip_uuid":"ced74b3c4de748589657ba576cb02ff6","classify":7,"createdate":1646126930000,"id":14605,"is_iot_device":false,"multi_level":false,"name":"2276528_标准滑动门（右）","pid":-1,"piddes":"2,7,-1","projectid":"352339e762ae433ea827a6acc1c5fc81","root_type":"R3D","state":"1","template_type":1,"type":"3D","type_id":2,"userid":383},{"bgtype":"2","category_zip_uuid":"3d91ccc4a58b429ba5bac78ad7e0b71a","classify":7,"createdate":1646126930000,"id":14606,"is_iot_device":false,"multi_level":false,"name":"2276553_标准滑动门（右）","pid":-1,"piddes":"2,7,-1","projectid":"352339e762ae433ea827a6acc1c5fc81","root_type":"R3D","state":"1","template_type":1,"type":"3D","type_id":2,"userid":383},{"bgtype":"2","category_zip_uuid":"2c57cd843771489b8fbe47d15cde6d19","classify":7,"createdate":1646126930000,"id":14607,"is_iot_device":false,"multi_level":false,"name":"2379987_非标滑动门","pid":-1,"piddes":"2,7,-1","projectid":"352339e762ae433ea827a6acc1c5fc81","root_type":"R3D","state":"1","template_type":1,"type":"3D","type_id":2,"userid":383},{"bgtype":"2","category_zip_uuid":"028d2d48ee6f455fa0dc03e16b4b0667","classify":7,"createdate":1646126930000,"id":14608,"is_iot_device":false,"multi_level":false,"name":"2429905_标准滑动门（右）","pid":-1,"piddes":"2,7,-1","projectid":"352339e762ae433ea827a6acc1c5fc81","root_type":"R3D","state":"1","template_type":1,"type":"3D","type_id":2,"userid":383},{"bgtype":"2","category_zip_uuid":"2e090aacfd904242a2d2c94a016a5a9b","classify":7,"createdate":1646126930000,"id":14609,"is_iot_device":false,"multi_level":false,"name":"2429975_非标滑动门","pid":-1,"piddes":"2,7,-1","projectid":"352339e762ae433ea827a6acc1c5fc81","root_type":"R3D","state":"1","template_type":1,"type":"3D","type_id":2,"userid":383},{"bgtype":"2","category_zip_uuid":"1866d48767b643b8b638427d2e026100","classify":7,"createdate":1646126931000,"id":14610,"is_iot_device":false,"multi_level":false,"name":"TSPzhantaimen","pid":-1,"piddes":"2,7,-1","projectid":"352339e762ae433ea827a6acc1c5fc81","root_type":"R3D","state":"1","template_type":1,"type":"3D","type_id":2,"userid":383}]