[{"areaid":"","createtime":1646038401000,"describes":"整体","detailedaddress":"重庆市江北区铁山坪街道铁山坪(地铁站)","gis_area":"null","gis_height":800,"gis_width":600,"gml_path":"","id":"352339e762ae433ea827a6acc1c5fc81","initlocation":"","is_show_shell":false,"level_unit":1000,"map_style_url":"http://geohey.com/s/mapping/dark/all?z={z}&x={x}&y={y}&retina=@2x&token=rhTObqFGoa6Ij8k_UgAEriEA4iFHs8HdMe3h08JkH82Utr_nDtPfFw6S2Qow4GRm","name":"铁山坪整体_small新","prewiewpath":"/upload/jpg/352339e762ae433ea827a6acc1c5fc81/352339e762ae433ea827a6acc1c5fc81.jpg","project_center":"[106.669685,29.614179]","sale_state":"1","shell_json_path":"","state":"1","tile_radius":0.5,"title_level":15,"type":"2","use_shadow_editor_render":true,"userid":383}]